id,name,view_count,tape_view_count,vote_count,is_upvoted,created_on,launched_on
66d727eb-7e35-488b-8c65-0cadbd554c0c,India's Most Effective Portable Air Purifier (Blush Pink),47753,0,4,FALSE,2025-07-19T21:38:27.214,2025-07-17T21:45:00
f3fcc346-2afa-4d77-a33a-433aff094d0e,F1 Monaco 3D Wall Frame (Geographic),45887,0,14,FALSE,2025-06-02T12:22:33.703,2025-06-03T12:29:00
f2fdef0e-4b09-4623-b9c4-b5d486bf05ec,GOKU Rug,43290,0,3,FALSE,2025-09-02T21:13:22.281,2025-09-02T21:39:00
b1b1205a-b0f3-4205-ae2c-d5c7d2988a2b,Aruval / BLADELINE,42888,0,0,FALSE,2025-07-24T19:39:03.302,2025-07-10T20:17:00
e3f25bb7-24b5-43ed-a2c5-4aa3c2b8d110,MEMENTO MORI | LIFE CALENDER - METAL FRAME - RED STYLE,42397,0,0,FALSE,2025-09-02T21:13:22.281,2025-09-03T20:53:00
2f5cd077-8139-49d0-a543-db4b861f2b01,Heat 551 Chest Bag,41885,0,4,FALSE,2025-04-04T19:47:57.757,2025-04-03T19:51:00
e094e381-c423-48ce-8511-9818be2df745,Strobe Dual Handle Bag - Navy,40098,0,0,FALSE,2025-08-15T10:03:53.84,2025-08-17T07:34:00
fdbbe0af-d459-46bc-9f4c-6c9fd3a79178,VINTAGE BOLLYWOOD - WALL COLLAGE POSTERS,40037,0,2,FALSE,2025-11-16T11:27:55.36,2025-11-16T19:06:00
d082d408-dc8d-4be5-8884-38394594ea72,Mango Madness (PACK OF 7),39475,0,1,FALSE,2025-09-04T11:04:13.267,2025-09-04T11:26:00
590add82-98c3-4eb5-8e87-9a43f9a60d3e,Umi - The Ocean,38667,0,9,FALSE,2025-09-17T20:58:12.351,2025-09-17T21:22:00
a198766c-4c06-4fe2-9196-bbb7a4f5f10e,Spring Ball Lamp,38148,0,3,FALSE,2025-08-13T11:29:01.602,2025-08-13T11:29:00
81d38358-ce93-4527-907a-9d2778d0cc65,MIRROR SPECTACULAR,37526,0,1,FALSE,2025-09-02T17:03:00.771,2025-09-02T17:18:00
684445dc-ac00-4c30-ac7d-69022426d249,GoOats Protein Oats- Tiramisu Flavour,36831,0,4,FALSE,2025-11-16T21:03:45.549,2025-11-16T21:58:00
dcd2e3aa-7ca3-4dc5-b423-d2e667e33fd7,Perpetual Calendar - WeAreNotice,36766,0,10,FALSE,2025-09-02T16:32:11.064,2025-09-02T16:48:00
dafec133-5c4b-4e32-acee-b7e45b1ed504,Yoru - The Night,36713,0,6,FALSE,2025-09-17T20:58:12.351,2025-09-17T21:16:00
2de60dd6-cd73-4fbc-a556-a2704fe3719b,CALL ME IF YOU GET LOST MIRROR,36698,0,0,FALSE,2025-11-13T19:48:28.909,2025-11-13T19:54:00
357fcab8-59e7-471a-8d6e-7040fc275eb4,Dark Knight Hoodie,36691,0,0,FALSE,2025-11-16T21:03:45.549,2025-11-16T21:13:00
00e48da1-74ff-45ee-b4ac-93d8b1cd5c60,DIY Fluid Wheel Art Kit,36683,0,2,FALSE,2025-07-24T11:17:16.711,2025-07-05T11:22:00
23fd7aa0-e8c1-4325-8580-0147aa763752,TRIDENT PENDANT WITH CHAIN (SILVER),36674,0,0,FALSE,2025-11-09T15:17:12.914,2025-11-09T15:57:00
1b6a3365-1396-42ed-82d6-ead1d62114bb,Droid sipper flask,36669,0,0,FALSE,2025-09-17T20:36:09.444,2025-09-17T20:37:00
2013c621-d8b0-4815-abfb-e336f8979d27,ONE PIECE WANTED POSTERS - WALL COLLAGE POSTERS,36134,0,1,FALSE,2025-07-30T20:16:03.214,2025-07-16T20:20:00
3ea0e4a1-a49f-4861-bb7a-f2ae9405ffca,BAT WASHED T-SHIRT,35259,0,3,FALSE,2025-08-31T16:56:53.296,2025-08-31T18:13:00
2308687d-932b-40e4-a66a-e52a5e5b9d22,CARGO WANDERER BACKPACK - Beige,34272,0,4,FALSE,2025-08-01T19:20:58.808,2025-08-03T09:27:00
1652f65d-b2ab-4e0b-bf04-b7692f3cdd74,Taylor Swift Vinyl Collage Posters,34150,0,0,FALSE,2025-08-31T19:14:37.647,2025-09-01T06:25:00
81e75fe2-141c-404c-9dd1-84209393f828,ITâ€™S A YES! RING - 18K GOLD-PLATED,32163,0,1,FALSE,2025-09-03T21:03:54.219,2025-09-03T21:28:00
38ee23e5-617f-4406-87fc-62bdc26e839f,Zesty Lemon Iced Tea (Sugar-Free) ,31801,0,27,FALSE,2025-04-04T18:47:33.908,2025-04-03T18:55:00
ee794211-a3b5-4453-9f89-1bab5e49573e,DIY Korean Gochujang Ramen Kit for 2,30363,0,1,FALSE,2025-07-10T20:20:34.598,2025-07-03T20:26:00
1da06107-dbea-4152-8869-62a8070176bd,Kitsters X Chefling â€“ Sushi Kit for 2,30341,0,52,FALSE,2025-03-28T10:34:59.379,2025-03-13T10:37:00
d9910974-a1b4-44cd-bc36-e2d0fd3687ea,DIY Light Bottle Painting Kit,26626,0,58,FALSE,2025-04-14T17:30:41.146,2025-04-15T17:36:00
f5d845f3-cf2b-42cb-bbf3-b5baa899fdda,Minimalist Barefoot Shoe,25337,0,96,FALSE,2025-04-15T18:07:56.377,2025-04-13T18:27:00
2ce639e2-080c-4c9a-97a6-ce3fdce09bad,HABIT TRACKER,21675,0,32,FALSE,2025-05-14T16:46:54.632,2025-05-15T16:50:00
4be38a81-94b5-4a70-8b8f-0035db07fd8d,Serve Air Pickleball Paddle,15160,0,5,FALSE,2025-06-05T10:37:33.78,2025-06-14T07:56:00
4e1cf846-48d0-4112-8bd6-356ac60dbb9d,PureFlow Nasal Strips ,11035,0,95,FALSE,2025-03-18T10:41:05.324,2025-03-18T10:44:00
2796aafa-9fa8-4163-b7ca-3dd13a65ece0,American Trail Mix (150g pack),9445,0,15,FALSE,2025-06-09T09:09:07.698,2025-06-04T09:22:00
6a2d6762-6d55-40fb-9c03-aa68bd3bbaee,DIY Texture Painting Kit,9356,0,28,FALSE,2025-04-14T17:19:10.143,2025-04-08T17:28:00
a752b103-8925-4440-84d9-2bbf4878a4a5,Taylor Swift Vinyl Record Posters,6789,0,24,FALSE,2025-05-07T17:11:46.081,2025-05-06T18:30:00
0cdd0bba-ed86-4bd0-8e1b-d63cfd7c10c3,Serve Pro Pickleball Paddle,5518,0,25,FALSE,2025-04-14T17:43:31.67,2025-04-01T18:03:00
73a2cc0f-8aa5-4c17-96bb-50d139a6c178,3D Printed Halo Lamp,5283,0,29,FALSE,2025-04-19T09:16:26.538,2025-04-17T09:19:00
9bda648c-4408-4804-a62a-ea11d04b60e3,Cherry Bag Charm,5243,0,22,FALSE,2025-04-11T09:32:10.462,2025-04-16T09:41:00
b8fdf1fd-3be3-48ba-a484-f54a78f3f0d1,STOP SIGN - AESTHETIC ROAD SIGNS,5032,0,17,FALSE,2025-04-22T20:13:07.574,2025-04-09T20:24:00
83ed881e-fef9-4c9d-bea8-1935f0b0025d,Kitsters â€“ S.S. Sling Bag,4866,0,29,FALSE,2025-03-28T10:52:31.665,2025-03-08T10:53:00
8d08ffb4-b532-421e-a9c7-0fdd8dd1a650,A Deo That Performes Under Intense Activities,4731,0,29,FALSE,2025-04-15T17:16:29.431,2025-04-10T17:49:00
954631f1-4674-4615-8864-cfa0bc84f501,PERRY Tote Bag,4277,0,13,FALSE,2025-05-09T15:51:20.294,2025-05-09T15:53:00
961b6965-47a5-4a8e-b643-619cb668597c, 2 Air Fiber Glass Paddles & 2 Balls,4062,0,37,FALSE,2025-04-11T09:24:03.678,2025-04-10T09:36:00
d44bb982-9ca1-46a8-b41b-26202209432e,Godpill Testosterone Supplement for Men (30 servings),4010,0,2,FALSE,2025-07-31T08:20:15.623,2025-07-25T09:03:00
b0798fec-46de-48d9-a020-e2d9d8ece29b,3D Printed Poco Circle Lamp,3807,0,9,FALSE,2025-06-01T17:28:49.215,2025-06-01T17:38:00
497538d9-b666-4718-b1d2-948041300bb8,Edulis Fungus Lamp,3674,0,14,FALSE,2025-06-02T12:44:39.226,2025-05-30T13:12:00
21915443-1d5b-4fc6-af87-d97694e18ea0,Dopamine Cookies (Box of 6),3274,0,28,FALSE,2025-05-20T06:17:03.508,2025-05-20T06:19:00
2605572f-c300-4f84-8d8b-31da950858ba,Clear Gut | Improves Gut Health | Pleasant Herbal Taste,3102,0,22,FALSE,2025-04-14T19:13:44.679,2025-04-05T18:21:00
b3ee9e94-0c2d-458c-b6bf-163201c9214b,"Original Indian Masala Chai | Bold Assam CTC Blend, Traditional Spice Harmony | 200g",2739,0,21,FALSE,2025-05-28T21:15:54.574,2025-05-28T21:23:00
e8a9d0ba-5dcd-4052-b256-f37164a8f5d6,Sober & Co Sampler: Try All Our Flavours!,2395,0,14,FALSE,2025-05-19T16:37:22.078,2025-05-16T16:44:00
d56ab323-df96-45d5-a9ef-e28f6192c340,MAGMATE Classic - Fun Magnetic Game,2379,0,34,FALSE,2025-05-28T08:49:54.458,2025-05-28T08:56:00
391502e4-23a0-480a-9c42-90e3fe76e2eb,VINYL RECORDS - TRAVIS SCOTT Poster,2313,0,10,FALSE,2025-07-17T23:28:34.367,2025-07-11T23:37:00
27a852d5-d9bb-446a-9651-635add3d9839,100% Ready to Eat Yummy Dips ,2292,0,17,FALSE,2025-05-15T08:22:49.569,2025-05-15T08:42:00
5708fc85-ea39-47dd-ba9a-876691994620,Dubai Bling Earrings,2289,0,39,FALSE,2025-04-11T10:01:21.965,2025-04-01T10:14:00
1583f0d8-03dd-4148-9e46-c2a6f959e744,Nutella Sea Salt â€“ The Cookie That Knows What You Need,2265,0,15,FALSE,2025-05-20T07:10:49.647,2025-05-20T07:12:00
3bdd7dc8-26a7-4725-8d93-ae4896fa21f2,White Chocolate Macadamia Cookie ,2187,0,27,FALSE,2025-05-24T22:01:10.646,2025-05-22T22:06:00
b22f0953-8c5c-47ac-908b-6863a3ab006e,DIY Solar Printing Cyanotype Kit,2072,0,32,FALSE,2025-04-14T16:45:08.081,2025-04-12T16:49:00
5292e413-b25d-42f2-888e-d0ddc1cc6077,FORMULA 1 WALL COLLAGE POSTERS,2060,0,23,FALSE,2025-04-22T20:26:10.894,2025-04-10T20:34:00
1284e64d-7af9-412a-8559-440a9fad331e,Truffle Potato Chips Party Pack,2052,0,10,FALSE,2025-05-28T20:25:48.115,2025-05-28T20:42:00
7b70c89b-7dcc-45a3-8c38-f6a884aa6c98,DIY UV Resin Pendant Kit,1916,0,11,FALSE,2025-04-14T17:01:06.189,2025-04-14T17:11:00
4bcdb008-36f2-4900-a357-41d1498d6ec3,MEMENTO MORI | LIFE CALENDER - METAL FRAME,1845,0,7,FALSE,2025-06-13T18:12:03.491,2025-06-12T18:27:00
bbc61490-af31-4942-a60e-a868171335c1,Litele Duo â€“ A Smart Lamp That Understands You ðŸ’¡âœ¨,1821,0,21,FALSE,2025-03-26T17:36:00.982,2025-03-08T17:39:00
880502ef-432e-40cc-afa5-476602c45a5a,Red Bull Ring F1 Track 3D Wall Frame,1814,0,6,FALSE,2025-06-02T12:32:38.933,2025-06-16T07:13:00
cd4cb95d-e254-43a4-b36d-d8303768bf26,The Perfect Set - Ruby & Morganite Body Serum Candles,1804,0,20,FALSE,2025-04-13T18:43:50.562,2025-04-08T18:51:00
30d70fbd-ed24-4006-8cf6-7f90625b3555,SPACEWAVE AESTHETIC - WALL COLLAGE POSTERS,1775,0,2,FALSE,2025-06-09T08:56:24.422,2025-06-10T09:08:00
b1375837-0f70-48a8-86e2-f6e2f0b71db7,Put This On & Become a Merc with a Mouth (Minus the Healing Factor... Sorry!),1761,0,9,FALSE,2025-03-20T07:14:39.14,2025-03-06T07:22:00
38735211-78a8-4c7c-8270-8e37459bf1de,VINTAGE ADVERTISEMENTS Wall Posters,1621,0,12,FALSE,2025-05-07T18:52:22.965,2025-05-06T20:37:00
1f2cf741-740e-48ce-8ad3-c80377470fc6,Aquatein Protein Water - 10g of Pure Protein,1611,0,5,FALSE,2025-07-09T13:13:41.742,2025-07-09T13:25:00
52eafcd4-8828-4158-91eb-68893ded4529,BROWNIE NACHOS (50G PACK),1605,0,10,FALSE,2025-06-09T09:26:27.405,2025-06-05T09:40:00
21be4337-d5a4-426e-987a-ef2f5fce72f0,Kanye West Vinyl Records Poster,1605,0,23,FALSE,2025-03-26T17:04:02.786,2025-03-14T17:07:00
2710682e-ded2-47b1-96e1-698a39283b9b,MUSIC CD DECOR SET - RAP,1561,0,1,FALSE,2025-07-17T22:54:17.242,2025-07-04T23:15:00
7e7a26e5-52db-4a2b-9bab-ab334b992c1f,Aquatein Electrolyte Water,1450,0,14,FALSE,2025-07-09T13:26:18.729,2025-07-04T13:35:00
ec9de733-566e-4620-9869-f80f497f6fd7,Ferrari F1 Car Rug,1384,0,6,FALSE,2025-07-10T10:45:01.61,2025-07-04T11:04:00
9a7ee3e3-9bcd-4ebb-98c8-2441244f1eab,Anti Social Traditional Design Rug,1343,0,1,FALSE,2025-07-24T12:00:36.493,2025-07-12T12:34:00
f5cbd619-ccfe-4083-8a0b-efdff90a9722,DIY Shadu Mati Ganpati Kit,1333,0,2,FALSE,2025-07-23T07:58:23.439,2025-07-09T08:34:00
2bc28067-6918-448d-b5b4-6d1ec435a75b,Kiwi Salt Electrolytes- 10 Sticks,1325,0,10,FALSE,2025-06-01T17:16:43.873,2025-06-01T17:23:00
b79edebd-02be-494c-a7a7-4991b651c3e5,AESTHETIC TRAFFIC MIRROR,1315,0,21,FALSE,2025-04-22T20:00:24.039,2025-04-03T20:09:00
4538b94e-774f-431f-a609-175a9104e33d,DIY Perfume Kit,1309,0,9,FALSE,2025-04-14T16:55:43.156,2025-04-10T16:59:00
0d86e46b-cfee-46af-be7e-acd310f2267a,Aruval / GHOST,1301,0,3,FALSE,2025-07-31T08:20:15.623,2025-07-17T09:49:00
24d46107-755a-4f93-82d5-bfc7b172fc47,Guava Salt Electrolytes- 10 Sticks,1256,0,13,FALSE,2025-06-01T16:57:28.899,2025-06-01T16:59:00
ad791091-ca00-45dc-aa9a-6b62774a4588,Creatine Hcl Original | 100% Pure,1246,0,3,FALSE,2025-03-25T08:48:21.211,2025-07-16T21:50:00
4cbc2246-e6fc-4133-87c5-f28a81de9c03,Silverstone 3D F1 Wall Frame,1235,0,9,FALSE,2025-06-07T09:09:46.6,2025-06-02T09:46:00
c3f648c5-2e3e-4971-9233-5a24d41e6c8e,Raw Rolling Paper Rug,1201,0,5,FALSE,2025-07-10T10:26:42.805,2025-07-04T10:33:00
54078b11-c60e-4a97-8812-aa61541b8ea3,Goodyear Welted Black Crust Zipper Chelsea Boot,1201,0,2,FALSE,2025-06-07T12:02:23.989,2025-06-07T12:10:00
5a42e9da-0c48-47da-b3ac-2e45d6a47bd8,"SUKOON | For Sleep, Relaxation, Stress & Anxiety ",1194,0,25,FALSE,2025-04-14T15:28:41.07,2025-04-03T15:35:00
b8a8b6d4-6f6b-442b-8858-388268c5e775,Assorted Protein Box (Pack of 6) - 420g,1192,0,8,FALSE,2025-09-04T11:04:13.267,2025-09-04T11:07:00
a24def60-4e38-454c-9f6f-4838e1f2c9dc,3D Printed portable table lamp,1188,0,78,FALSE,2025-05-10T22:01:27.873,2025-05-03T22:07:00
7b9d9a57-d3e9-4715-9242-a2fc2603cb4c,Ferrari Roma Set,1187,0,8,FALSE,2025-04-30T16:49:23.232,2025-04-30T16:55:00
7ff07408-4832-44dd-809e-baa58ebb02f5,DIY Taco Kit for 2,1177,0,4,FALSE,2025-07-10T20:35:47.204,2025-07-04T20:46:00
5037c32f-4dc6-4f06-86b4-3125b0cd1fef,Heart Hoops Earrings,1169,0,2,FALSE,2025-08-15T10:03:53.84,2025-08-16T08:22:00
1c8eb8dd-a1e1-49a8-ad1e-25efbdb2d63f,PUREREST MOUTH TAPE by PureFlow,1166,0,13,FALSE,2025-04-14T18:10:09.202,2025-04-05T18:13:00
12d54404-14de-4d24-b1e0-d7d7827ebefc,Hivado Body Wash for Men 250ml,1125,0,8,FALSE,2025-07-03T09:59:25.12,2025-07-05T10:11:00
9b874d08-a64d-4a35-930e-3bd20d916e9a,Lunar Necklace,1114,0,2,FALSE,2025-07-14T19:50:13.308,2025-07-16T20:13:00
64d940a6-9894-419e-9bdb-54f135168182,FITNESS & DIET PLANNER,1079,0,4,FALSE,2025-05-14T08:26:13.032,2025-05-14T08:47:00
0b625a69-a723-442b-8e0a-20d43979709f,AtomEats Pretzel Variety Pack,1079,0,11,FALSE,2025-05-26T16:10:23.125,2025-05-25T16:10:00
0297e552-c705-42da-a8ad-be434d2113b6,TETRAPOD Paperweight,1048,0,3,FALSE,2025-09-02T17:03:00.771,2025-09-02T17:09:00
0ac2b4b0-fd3b-48db-8b22-4e502b3a6d77,Lilac Luxe Dress,1037,0,7,FALSE,2025-05-28T10:12:11.59,2025-05-08T11:44:00
0e22250a-faed-4454-8e46-f3201f799c4c,LOOP Laptop Stand - Graphite,1002,0,0,FALSE,2025-04-04T16:35:40.722,2025-04-02T16:38:00
8b2b5734-1494-4df5-a09a-3faf911b4c4f,SPRING TABLE,998,0,2,FALSE,2025-09-02T17:03:00.771,2025-09-02T18:41:00
00e41c80-4078-4c90-adff-8bc8c1e7876f,Lotus Biscoff Cookie ,989,0,8,FALSE,2025-05-24T22:07:57.191,2025-05-23T22:18:00
1bb62951-f54d-4a28-b601-bfcd19941415,Choco Pretzel Assorted (30 g x 3 Packs),957,0,4,FALSE,2025-07-17T21:46:43.388,2025-07-16T22:18:00
3878abc5-f5ee-4299-9410-519d20fd26e0,Double Chocolate Cookie ,929,0,14,FALSE,2025-05-24T20:20:07.69,2025-05-23T21:53:00
9cf5ef8f-9f98-4855-9b10-7bc9f1cd8151,VINTAGE COMIC BOOK COVERS - WALL COLLAGE POSTERS,915,0,5,FALSE,2025-06-09T08:45:59.537,2025-06-03T08:53:00
9887b0db-c124-4ac6-be0b-3097fd6c7fbc,Onigod Smelling Salt | for intermediate lifters,896,0,1,FALSE,2025-07-31T08:20:15.623,2025-07-11T09:19:00
fdf8f2c8-7cd3-4b3c-a593-18e1fd8f937b,Korea's Cheesy Gochujang Gourmet Dip With Baked Lavash Chips,884,0,15,FALSE,2025-05-14T10:53:48.434,2025-05-14T11:07:00
89cbd3f1-b186-4ad1-acb3-251c3c09b8d0,DIY Barbecue Kit With Grill,849,0,4,FALSE,2025-07-10T20:49:04.253,2025-07-04T20:56:00
908d11cb-96b8-45c5-b05b-e2ca77e65503,Baobab Fruit Powder,814,0,18,FALSE,2025-06-02T17:35:19.838,2025-06-01T17:40:00
1049fdab-9938-4f4b-834c-9a505802b3fe,Bhutan's Ema Datshi Gourmet Dip With Baked Lavash Chips (Combo),779,0,13,FALSE,2025-05-15T11:51:25.94,2025-05-14T11:54:00
96bc220d-8a04-411e-aaca-50ae01027c21,Vegan Leather Card Holder,757,0,4,FALSE,2025-05-12T22:10:10.338,2025-05-11T22:12:00
abeb352e-3fa7-40f5-9f81-341179b1ed0b,Metal Lightsaber Lighter,734,0,2,FALSE,2025-06-02T12:01:24.323,2025-06-01T12:17:00
e42f0f54-c038-4f6f-857e-829096a2c64e,OUD FATALE: EAU DE PARFUM,716,0,6,FALSE,2025-06-28T07:19:31.002,2025-06-20T07:20:00
b69029d9-c832-4d2d-b634-8ac943bd4d52,Citrus Salt Electrolytes- Pack of 10,670,0,9,FALSE,2025-04-27T17:43:05.844,2025-04-10T10:12:00
94ef9d89-2ef7-408d-b32d-d8e0bbfada14,Demigrip Liquid Gym Chalk | 100+ uses,659,0,3,FALSE,2025-07-31T08:20:15.623,2025-07-19T08:46:00
017d0fe0-11f2-41dd-9b35-4f179fc754de,Travis Design Shoe Rug,657,0,2,FALSE,2025-07-10T11:04:01.01,2025-07-04T11:13:00
138e0c98-697e-4d0d-8291-8b7d82bd82cf,Blonde Receipt Washable Printed Custom Rug,649,0,5,FALSE,2025-07-24T12:00:36.493,2025-07-09T12:23:00
b901785a-c244-4073-8c6d-2b00509004be,To Do List Cards,639,0,8,FALSE,2025-05-14T09:25:42.037,2025-05-14T10:00:00
e1453663-0379-48ad-aeb7-d33078ab4526,Spider Man Mask,632,0,2,FALSE,2025-06-02T11:39:55.296,2025-06-02T11:59:00
e204a1ca-6dac-4b02-9dc3-dbea696632f3,POCKET CLUSTER LAPTOP TOTE - Grey,630,0,1,FALSE,2025-08-01T19:20:58.808,2025-08-02T08:54:00
3b4f0d17-cdbb-4f96-b801-5c6de4047344,Body Serum Candle Morganite,617,0,9,FALSE,2025-04-14T11:58:39.634,2025-04-14T12:06:00
37b32073-5992-4feb-81a6-71dc77745ace,One Good Object - Stacko,617,0,3,FALSE,2025-07-09T13:37:40.659,2025-07-04T14:14:00
e05eea3f-ec49-4097-a6d2-86e5d81416ac,SLAPJACK Nacho Cow Chicken Cheese Cake Card Game,591,0,7,FALSE,2025-08-15T10:03:53.84,2025-08-17T08:28:00
79049e64-7909-4466-837c-a1f698a56158,Body Serum Candle Ruby,582,0,13,FALSE,2025-04-14T12:10:09.608,2025-04-07T12:17:00
9b1a069f-48af-4561-87bf-bc1ed2d3c298,Nora Vegan Leather Embroidered Sling Bag - Almond,578,0,2,FALSE,2025-06-07T21:02:57.269,2025-06-05T10:40:00
9441ff98-4597-470c-b62a-302343e39c93,Lavender Hair Mask for Deep Nourishment & Hair Growth,567,0,1,FALSE,2025-05-11T21:15:37.33,2025-05-11T21:24:00
04aec5a3-8be6-4389-b82a-eaefffb94325,Goodyear Welted Olive Suede Captoe Boot,557,0,3,FALSE,2025-06-07T12:29:46.086,2025-06-03T18:52:00
3cbe19c5-a550-4bb0-90c6-c61a29c4e163,CARGO WANDERER BACKPACK - Pink Hue,556,0,2,FALSE,2025-08-01T19:20:58.808,2025-08-04T11:29:00
56fd6f84-708e-484f-9bb1-0aa0bed0516e,Aquatein PRO Protein Water - 21g of Pure Protein,547,0,4,FALSE,2025-07-09T12:57:06.51,2025-07-10T13:02:00
301e1638-e883-46d1-ac36-aa679d6d0583,Shinchan Sleepy Rugs,545,0,2,FALSE,2025-07-24T12:00:36.493,2025-07-23T12:42:00
0d036619-1989-4657-8507-a2541eefa37f,DIY Handmade Paper Kit,534,0,6,FALSE,2025-04-15T18:23:28.945,2025-04-11T18:31:00
bff5842a-0bcf-4695-8bbc-b2bd5fc8f7ec,PB& J Cookie ,508,0,6,FALSE,2025-05-24T22:25:45.886,2025-05-23T22:27:00
1a089d22-5571-424c-9423-b588536d7fb3,Hivado Gift box,508,0,2,FALSE,2025-07-03T10:20:25.449,2025-07-04T10:25:00
0f0b62e1-cc76-47a0-a03d-b19b4c7181b4,"Zero Sugar Ginger Ale: Natural Ginger, Zero Guilt!",486,0,0,FALSE,2025-07-17T20:58:39.674,2025-07-10T21:05:00
91160bd4-d6c4-4864-8f0e-1207404b15fe,Ashwagandha Mint Herbal Tea - Focus,479,0,3,FALSE,2025-05-28T09:14:37.571,2025-05-14T09:49:00
e9350ebb-c3af-4d6d-82f6-beaea1b0a86f,The Brunch - CRED Only Fridays X Sober & Co,471,0,0,FALSE,2025-07-17T21:29:23.966,2025-07-11T21:46:00
6314a2c4-47d7-4ea1-b2e9-9415029510a8,EAR STUD - (MAGNETIC NON-PIERCED),465,0,1,FALSE,2025-09-04T18:05:10.446,2025-09-04T18:12:00
b0998141-c85d-442c-8162-6adb9968decd,Italian Full Grain Black Leather Belt,464,0,0,FALSE,2025-06-07T18:59:58.148,2025-06-02T19:29:00
2395c851-fb6d-4ed8-89f1-66876b2ba3f6,CAN'T STOP WONT STOP SIGN,464,0,2,FALSE,2025-09-02T17:03:00.771,2025-09-02T17:26:00
0ff94fc0-e2df-4e2f-b052-4c8399e17f6a,Dotted Mirror,454,0,1,FALSE,2025-08-13T11:29:01.602,2025-08-13T12:08:00
016316d6-fd68-4e0d-b13f-9df7bb994e28,Conscious Cards,450,0,7,FALSE,2025-09-10T14:47:03.467,2025-09-09T14:50:00
2be1e0c2-d5d6-4503-95dc-525c7c4a07f9,Cute PokÃ©mon Bird Rug,449,0,1,FALSE,2025-07-10T11:15:10.964,2025-07-18T11:24:00
e94acd40-2b5b-4dd7-bb87-7dc312b94ac8,Elm Black Vegan Leather Backpack,447,0,5,FALSE,2025-05-14T12:17:59.747,2025-05-14T12:30:00
6b6455d7-5bc1-4e19-88b8-7db10488d485,OUD PLAYER: EAU DE PARFUM,441,0,3,FALSE,2025-06-28T07:38:15.684,2025-06-28T07:54:00
96c593ba-5c85-42d5-807f-ceab6ae3af6e,BMW M-Speed Rug,431,0,4,FALSE,2025-07-10T11:24:19.002,2025-07-04T11:28:00
e38c7eb2-4d5f-490b-8906-3875cbb8d69f,GodComplex Multivitamins Supplement - 60 Servings,429,0,1,FALSE,2025-08-31T19:14:37.647,2025-08-31T19:52:00
d0f8adf8-c7b1-4136-88b5-d38fcbb62b86,XXXL Body & Face Wipes - 30 Wipes (10 x 3),419,0,3,FALSE,2025-08-01T19:20:58.808,2025-08-01T19:41:00
5d6620bd-5e10-4594-b238-bfe05eda20e9,"Zero Sugar Ginger Ale: Natural Ginger, Zero Guilt!",418,0,1,FALSE,2025-07-17T21:11:14.993,2025-07-11T21:28:00
865da404-5e58-4f70-9634-de5d44b317e1,Fenna Sling Pack,414,0,3,FALSE,2025-05-10T08:54:55.016,2025-05-09T10:00:00
059839ff-b07a-49e3-ad50-6957959ac082,Diet Coke Can Hand Tuffed Rug,410,0,1,FALSE,2025-07-23T07:58:23.439,2025-07-12T08:13:00
1a60e9de-0a84-4bd6-b0da-760a873a2819,Spongebob Fire Rug,409,0,0,FALSE,2025-09-02T21:13:22.281,2025-09-02T21:17:00
1a60e9de-0a84-4bd6-b0da-760a873a2819,Spongebob Fire Rug,409,0,0,FALSE,2025-09-02T21:13:22.281,2025-09-02T21:17:00
ee394ac8-b41c-4bcc-8f68-81080e59ad02,Salacia - Black & Madder Red,387,0,2,FALSE,2025-05-14T12:33:52.317,2025-05-15T16:31:00
f328b771-bc4d-46c4-8c3c-46d6e49e5a75,Noa Sleeve Bag,381,0,2,FALSE,2025-05-09T16:15:39.954,2025-05-09T16:27:00
b1562bc5-5464-4aa2-a5a0-27460ea27fd9,PICKLEBALL RACKET SLING - Grey,380,0,1,FALSE,2025-08-01T19:20:58.808,2025-08-01T08:32:00
b80dcf04-a5fb-4f26-95ba-3068fd8e10bf,HOBO40 Functional Travel Backpack (40L),353,0,1,FALSE,2025-09-10T18:51:28.843,2025-09-10T19:54:00
363111a0-34c3-45f1-8d19-b9532bcde007,Table Lamp Niza (Made to Order),343,0,4,FALSE,2025-08-26T23:27:37.448,2025-08-24T23:34:00
964d82c9-1b63-421c-929d-3d7570d96779,Hivado Thick and Full Shampoo,337,0,2,FALSE,2025-03-25T20:40:29.692,2025-03-22T21:07:00
5a6c5d23-a96d-4b49-9071-5a46ded24594,Supreme High Low Logo Rug,337,0,1,FALSE,2025-07-24T11:17:16.711,2025-07-11T12:07:00
bb96e726-d384-4ed6-96cf-78c366d68ffd,Naruto Uzumaki Hand Tufted Rug,336,0,7,FALSE,2025-09-03T11:22:35.832,2025-09-01T11:44:00
91fa622a-75a9-4c31-b1db-4bc06ca5eefb,Michigan Black Calf Chisel Toe Wingtip Derby Shoe,335,0,0,FALSE,2025-06-07T20:39:34.396,2025-06-06T20:58:00
2b0abb49-dc4b-4249-81f9-e4c783044534,The Minimalist Compression - BLOOD RED,334,0,5,FALSE,2025-09-21T08:19:56.18,2025-09-21T08:30:00
fa177b2f-b638-47c3-8622-e5b3995a2d37,BALLARDE (Forest),324,0,0,FALSE,2025-07-22T17:55:47.383,2025-07-10T18:03:00
fb66597a-b5d5-4769-92af-369e9063b80f,Choco Hazelnut (PACK OF 7),323,0,2,FALSE,2025-09-04T11:04:13.267,2025-09-04T11:40:00
5d6b4b78-b049-4658-b4cf-cf36ad347fb1,Hell Forged Menâ€™s Compression Jacket,320,0,3,FALSE,2025-09-19T11:40:40.49,2025-09-19T11:41:00
f25a3172-5969-4c46-9771-744667febcab,ACID WASHED SWEATPANTS,315,0,0,FALSE,2025-08-31T16:56:53.296,2025-08-31T17:06:00
db0cd789-3a60-4b03-80df-d9d36464936f,Heart Necklace,311,0,1,FALSE,2025-08-15T10:03:53.84,2025-08-16T22:45:00
70867df2-d77a-40a6-b62d-1d749d0985cc,ASTRA FIDGET RING,311,0,0,FALSE,2025-09-10T07:12:08.633,2025-09-10T18:19:00
1dfabed0-3fc3-494a-99bd-b9db8d39f37c,Pink Promise Charm Necklace,310,0,1,FALSE,2025-07-11T12:16:51.367,2025-07-09T19:46:00
0a72ba93-2a66-4c0b-a6b5-2b093c36bf32,Kridha Red Sandalwood Body Lotion â€“ Deep Hydration & Radiance for Glowing Skin,309,0,5,FALSE,2025-05-11T20:51:35.302,2025-05-08T20:59:00
ab0f3af9-106c-4f01-bf72-0d3aa5fc918c,Asahi -The Sun,306,0,1,FALSE,2025-09-17T20:58:12.351,2025-09-17T21:05:00
5c76ed44-4f94-49e0-afd0-e031a19e9f78,DIY Wine Making Kit [Make upto 50 Ltrs of wine],302,0,1,FALSE,2025-07-10T20:56:40.614,2025-07-03T21:04:00
063a5461-f280-42a8-89b4-e90a10b1ccfa,BLOND MIRROR,299,0,0,FALSE,2025-08-31T19:14:37.647,2025-08-31T20:11:00
d2594806-09b1-42de-baed-837fcd8af3d6,Garuda Tech Tool Roll,299,0,0,FALSE,2025-07-24T19:39:03.302,2025-07-16T19:59:00
98e03f25-eed0-4428-aa22-90177d89e5cd,Mario Block Rug,299,0,2,FALSE,2025-07-24T12:00:36.493,2025-07-22T12:51:00
51df7db0-fd7e-4708-b083-3265827c5f1a,India's Most Effective Portable Air Purifier (Sky Blue),296,0,2,FALSE,2025-07-19T21:03:27.69,2025-07-11T21:20:00
95fcfbea-f7b3-479c-a31e-ebfde9e556d1,Handmade Brown Suede Leather Belt,295,0,0,FALSE,2025-06-07T19:35:21.205,2025-06-03T20:38:00
f630639c-0f83-498e-9635-ce6f9901a4ed,Hivado Light & Bright Sunscreen,292,0,2,FALSE,2025-07-03T09:03:47.433,2025-07-02T09:57:00
500df2f6-c8a1-4af7-abba-52f021155594,Travel Series - Coffee Concentrate,279,0,3,FALSE,2025-07-20T11:34:55.706,2025-07-02T11:55:00
a704283c-c246-47d4-84f2-8bd40db665cd,RUSTWOOD FLANNEL SHIRT,270,0,0,FALSE,2025-08-31T16:56:53.296,2025-08-31T17:26:00
0dc9fc0c-d519-4c72-8bff-0776358badee,Kaze -The Wind,270,0,5,FALSE,2025-09-17T20:58:12.351,2025-09-17T21:29:00
5bb3d43f-9e46-4896-9fe9-89781aff2574,DIY Cotton Candy Kit,257,0,2,FALSE,2025-09-04T20:18:01.298,2025-09-04T20:20:00
6708af04-aaae-4c59-8966-c8e1c67c239f,Brown Rush Starter Pack,253,0,2,FALSE,2025-07-20T12:22:40.304,2025-07-05T12:28:00
269a7ddd-b120-4e0d-b715-96ef9d5866a7,India's Most Effective Portable Air Purifier (Moonlight Black),253,0,3,FALSE,2025-07-19T21:28:24.589,2025-07-10T21:38:00
d3d091d1-45d3-4667-b1b0-977d6f3218c9,POCKET CLUSTER HOBO BAG - Brown,249,0,3,FALSE,2025-08-01T19:20:58.808,2025-08-05T11:39:00
d8bd8a60-93b7-460a-9904-8e04f8e6a85c,Almond Kulfi (PACK OF 7),247,0,0,FALSE,2025-09-04T11:04:13.267,2025-09-04T11:48:00
855b5201-2f4a-468c-a562-0d77b2152c29,WORDSMITH â€“ Fun Word Guessing Game,236,0,0,FALSE,2025-08-15T10:03:53.84,2025-08-17T08:16:00
5940b01e-1fbb-4d01-8730-d4cdee29b18d,Mocha Marvel (PACK OF 7),233,0,2,FALSE,2025-09-04T11:04:13.267,2025-09-04T11:31:00
904697ce-1fe3-461a-8f5b-0525b58e7e6c,MoodPeg - All-in-One Magnetic Moodboard Kit,231,0,1,FALSE,2025-08-31T19:14:37.647,2025-08-31T19:35:00
9a3ae93e-0887-433f-bb1a-b10e953a859b,CORDUROY CARGO PANTS,230,0,0,FALSE,2025-10-01T05:09:24.654,2025-10-01T10:22:00
c5bdb748-a4b0-4e2b-848b-a8f20112ef31,BITE ME HOODIE,224,0,2,FALSE,2025-09-24T06:54:06.107,2025-09-24T07:15:00
3a2ee6e1-4016-4841-821b-430233640256,FACET Laptop Stand - Graphite,221,0,0,FALSE,2025-08-07T10:31:26.89,2025-08-01T12:27:00
40010dd6-aaf4-44fc-8acc-bca2afedaf20,House Arabica Beans,217,0,3,FALSE,2025-07-20T10:59:33.626,2025-07-10T11:29:00
d94cee32-9a5e-49c2-8dc9-8d0e6d19d5b4,Sutli Candle Holder â€“ Emotive & Nostalgic,217,0,1,FALSE,2025-10-06T08:28:03.214,2025-10-06T08:31:00
61fe768d-b8d4-42b1-b742-e3980c6ebb5a,The Pro Overnighter Backpack (30L) with Raincover,209,0,2,FALSE,2025-09-10T18:51:28.843,2025-09-10T19:29:00
05801a1a-d469-4b6b-9584-e83c3f5fa51b,MEMENTO MORI | LIFE CALENDER - ACRYLIC BOARD - GAME MODE,206,0,0,FALSE,2025-09-02T21:13:22.281,2025-09-03T20:50:00
da31ce40-4af6-4bd6-b4c4-1d8bf2de61f1,Car Gear Hoodies (F1 Driver Edition),204,0,1,FALSE,2025-10-26T11:55:49.3,2025-10-26T12:13:00
62a49037-3455-4f11-b0b0-ddf95bee0545,BALLARDE (Coral),203,0,0,FALSE,2025-07-22T17:55:47.383,2025-07-24T18:21:00
70b95568-ad24-4c39-ae39-6b01d6780f64,GATOR ASHTRAY,201,0,0,FALSE,2025-09-02T17:03:00.771,2025-09-02T18:53:00
0a3300f3-1170-4102-83d4-73c235738bfd,GRAIN | Earth Grain,199,0,0,FALSE,2025-09-25T11:48:12.37,2025-09-25T12:47:00
9f16b66b-ac64-4c98-80bd-6a6137727648,Thermo Gel,197,0,0,FALSE,2025-08-01T19:20:58.808,2025-07-31T19:27:00
0beb0e26-25f6-4ca0-80c4-3d618bad2431,KeepAll Caddy,195,0,0,FALSE,2025-08-13T11:29:01.602,2025-08-13T11:53:00
797a9e40-6903-4c67-b35a-54df5eea4760,LOGO MISMATCHED STRIPES SHIRT,195,0,0,FALSE,2025-08-31T16:56:53.296,2025-08-31T19:09:00
2c73ee35-f1c0-4ecf-9553-b7d24be73565,Strawberry Swirl (PACK OF 7),191,0,0,FALSE,2025-09-11T09:48:55.007,2025-09-11T09:49:00
c4f1d569-a70b-4003-927e-f8820200dab3,The Rolli lamp,186,0,2,FALSE,2025-09-05T16:24:52.232,2025-09-05T18:01:00
20c69d01-2af8-4861-83ac-ed983a747a84,2011 INDIA WORLD CUP TSHIRT - AIRFORCE BLUE,183,0,0,FALSE,2025-08-25T08:35:47.871,2025-08-25T09:16:00
184d3e5f-1461-4706-aa20-f30f91a4709b,Ophelia Ring (Adjustable),183,0,2,FALSE,2025-09-06T22:33:54.343,2025-09-06T22:56:00
205484f8-c9d7-418e-a629-2db651d3fd9e,HALO | Modern Classic,181,0,0,FALSE,2025-09-25T12:49:15.953,2025-09-25T17:53:00
107cee61-6dad-48ab-988e-88b87a5833aa,SAND DENIM,180,0,1,FALSE,2025-09-01T07:04:14.904,2025-09-01T07:13:00
82d0f9f0-7f85-433e-bbc3-6261ce8a7cde,DIY Handmade Pasta Kit,178,0,1,FALSE,2025-07-24T11:17:16.711,2025-07-10T11:40:00
8ddf51e8-f9ea-4bfa-af8e-2ed1e692c82d,LUNAR | Sharp Balance,176,0,1,FALSE,2025-09-30T13:10:34.548,2025-09-30T13:21:00
dfea0815-7da3-4242-bbf3-b1be4d660d04,RE-DENIM SHOULDER BAG - Ice Grey,174,0,1,FALSE,2025-08-01T19:20:58.808,2025-08-04T09:11:00
6e278870-9f0f-47cd-b59b-a833933d7d36,Matcha x Protein â€“ Clean Energy Meets Complete Recovery,172,0,1,FALSE,2025-10-07T07:03:03.868,2025-10-07T07:04:00
23ba3de0-41ad-465b-a0fa-992e350e2bdf,TENNIS BRACELET,171,0,0,FALSE,2025-09-10T07:12:08.633,2025-09-10T18:08:00
ebd4f792-07ae-4e73-b0c3-729ef5269372,Luffy Peeking Hand-Tufted Rug,169,0,0,FALSE,2025-09-02T21:13:22.281,2025-09-02T21:31:00
09bfe0fa-7dc2-4cc8-ac6d-a2ea638920cf,Baby Yoda Middle Finger Rug,167,0,0,FALSE,2025-09-02T21:13:22.281,2025-09-02T22:06:00
ae32110c-8527-4b08-9f9c-88590541da31,MICRO BOX BRACELET  (SILVER),167,0,0,FALSE,2025-10-01T05:09:24.654,2025-10-01T06:43:00
11a7f0f2-f37d-40d8-81e8-94ceeeab67f0,MOJO V2.0 Everyday Backpack (20L),165,0,1,FALSE,2025-09-24T15:01:29.136,2025-09-24T15:10:00
df27d328-3f94-4c52-85f5-c605bb2e6bed,Choco-Nut Crunch (PACK OF 7),164,0,1,FALSE,2025-09-24T08:48:20.864,2025-09-24T09:15:00
a666aabd-4d60-4241-b358-1790421549c9,PRIME Everyday Laptop Backpack,163,0,0,FALSE,2025-09-10T18:51:28.843,2025-09-10T18:53:00
ed2dab81-d3d2-44de-b2cb-e5cb453e6dba,FORGE | Golden Precision,162,0,2,FALSE,2025-09-29T12:02:20.78,2025-09-29T12:29:00
99faab22-9b33-411d-a6f6-3194c5b9bbbd,CARGO WANDERER BACKPACK - Brown,161,0,3,FALSE,2025-08-01T19:20:58.808,2025-08-04T09:35:00
3eb01dd2-e6bb-4c94-8fa9-7f4ba900e7a6,Tech Kit Organiser (Medium),161,0,0,FALSE,2025-09-10T18:51:28.843,2025-09-11T06:17:00
2bd3f1d8-2434-49ea-8582-173b80106dba,Spring Side Table,158,0,0,FALSE,2025-08-31T19:14:37.647,2025-08-31T19:23:00
6b8742f0-4c67-4773-b031-2e8d5627e064,Aranyani - Navy Blue & Black,157,0,0,FALSE,2025-07-22T17:55:47.383,2025-07-09T21:18:00
54187fae-6a40-4457-8e5e-df82546702c9,Future Star Embroidery Text - Black Baseball Cap,157,0,0,FALSE,2025-08-27T20:12:09.662,2025-08-27T20:56:00
dc439f0d-864e-40a1-940f-e79a5e959802,INDUSTRIAL LAMP,156,0,0,FALSE,2025-09-11T09:57:14.889,2025-09-11T10:01:00
e73655e6-fde9-4824-9402-247ab7fcd239,FeralWalk Oversized Cargo Joggers - Purple,155,0,1,FALSE,2025-09-21T08:19:56.18,2025-09-21T08:47:00
621eac26-a7ab-47f8-9d84-496bd34a8390,Loop Dual-Side Mouse Pad in Vegan Leather,154,0,0,FALSE,2025-08-27T21:05:23.937,2025-08-30T12:11:00
f958bf21-98ef-4793-8ab5-2812e7f7fd9c,Pikachu Keyboard Rug,154,0,0,FALSE,2025-10-02T07:17:51.13,2025-10-02T07:20:00
15af533d-6680-4b64-8aec-357be4a91f95,Ripple Spectrum wave Rug by Just Rugs,154,0,1,FALSE,2025-09-06T22:33:54.343,2025-09-06T22:43:00
dd1b1313-004f-4c9b-82c1-49007e8b777f,DUBAI BLING EARRINGS - 18K GOLD-PLATED,154,0,1,FALSE,2025-09-03T21:03:54.219,2025-09-03T21:46:00
1d0c4408-73dc-4a88-92fc-8a1b681e2a4d,Hellscar Oversized Tank - Blood Red,153,0,2,FALSE,2025-10-03T16:56:35.8,2025-10-03T17:14:00
d4b861c7-a3d0-497d-9a73-7424ceca8f58,Suzette (Coral),151,0,1,FALSE,2025-10-03T06:49:16.419,2025-10-03T07:21:00
eab1dcf6-498b-419a-b52a-dc506688cc72,PERSONALISED ROUND BRACELET - 18K WHITE/GOLD-PLATED,151,0,1,FALSE,2025-10-06T11:58:42.351,2025-10-06T12:06:00
dcf33e78-0954-4964-9559-83db9f995c83,SOLID RING - 18K GOLD-PLATED,151,0,1,FALSE,2025-09-03T21:03:54.219,2025-09-03T21:41:00
48cf78e5-ecf3-42f7-9285-6e5b1b1e9b69,Distressed Washed Grey Tank,145,0,0,FALSE,2025-10-29T06:14:34.301,2025-10-29T06:26:00
57095022-52c5-494b-b3c8-436a79459c15,RUSTIC | Vintage Pulse,144,0,0,FALSE,2025-09-25T12:49:15.953,2025-09-25T18:02:00
6cf1236a-c104-4769-9656-80b3bc70e772,Classic Hair Tie,144,0,0,FALSE,2025-09-06T22:33:54.343,2025-09-06T23:14:00
416d347f-34c7-43ac-8f69-b5971f4a34c3,SNAKE CHAIN (GOLD),144,0,0,FALSE,2025-09-10T07:12:08.633,2025-09-10T07:16:00
1952e933-c9f7-4eae-b3ad-326070157632,"DIY Jain Sushi Kit â€“ Authentic Japanese Experience, 100% Vegetarian",142,0,0,FALSE,2025-10-06T12:49:28.425,2025-10-06T12:54:00
b5697945-37ba-42a9-b181-db0b3d4c412c,CARBON | Forged Earth,141,0,0,FALSE,2025-09-29T12:02:20.78,2025-09-29T12:24:00
6e6092c8-6aef-46f7-b537-4b49214e3e82,Golden Bloom Candle Holder Set - Handcrafted Diwali Elegance,137,0,1,FALSE,2025-10-06T16:14:24.982,2025-10-06T16:19:00
0231c8c9-6def-49cb-ad3c-f432d209ce15,OVAL RING - 18K GOLD-PLATED,137,0,0,FALSE,2025-09-03T21:03:54.219,2025-09-03T21:16:00
7a386248-2887-48fd-b939-1dd3e4c38da5,Strobe Dual Handle Bag - Red,137,0,0,FALSE,2025-08-15T10:03:53.84,2025-08-17T07:49:00
3abc8520-9125-4989-94e6-48e11ab1dc41,KANTHA INDIGO HOODIE,136,0,0,FALSE,2025-09-17T20:58:12.351,2025-09-19T05:53:00
60c0b0ce-6049-49bc-a5b9-d1f43f25a80f,The Tokio table lamp,135,0,1,FALSE,2025-09-05T16:24:52.232,2025-09-05T20:12:00
4fcdec7f-b95a-4cd8-8840-a1a8523b306f,PureFlow Diwali Sleep Bundle - Fall Asleep in 5 Minutes,133,0,2,FALSE,2025-10-06T13:09:44.953,2025-10-06T13:15:00
1a34806b-bc2a-4a62-b057-583ee1fc7df6,Solid Cotton Blend Oversized Coord Set - Lunar,131,0,0,FALSE,2025-09-06T22:33:54.343,2025-09-06T23:57:00
09c44cde-6e4c-41a4-9d92-3fbac5db4e02,"DIY Jain Korean Tteokbokki Kit - Spicy, Authentic & 100% Vegetarian",131,0,1,FALSE,2025-10-06T12:38:10.82,2025-10-06T12:40:00
f58719af-a139-4e3d-9d1d-5a6846dc45de,DIY Decoupage Shells Kit,129,0,0,FALSE,2025-09-05T16:24:52.232,2025-09-05T16:41:00
63fc9200-4566-48ed-b41b-c941af5d800b,Vortex Optical Illusion B&G Rug,128,0,1,FALSE,2025-09-02T21:13:22.281,2025-09-02T21:56:00
a54661ac-1dca-4a97-9c26-7ad2fd7dc04d,ONYX STONE PENDANT WITH CHAIN (GOLD),128,0,0,FALSE,2025-09-10T07:12:08.633,2025-09-10T18:25:00
caa29adf-3315-4919-aa00-102b8ca85ebd,Dark Veil Full Sleeve - Compression,126,0,2,FALSE,2025-09-21T08:19:56.18,2025-09-21T09:11:00
3262c7d3-d6d7-48a5-906d-0cdd21897de6,Not Just a Rug. Itâ€™s a Hello Kitty Statement.,124,0,0,FALSE,2025-09-23T14:41:07.062,2025-09-23T15:00:00
81cccdb8-4109-4600-aa02-dce3960286fd,Droid sipper flask,124,0,0,FALSE,2025-09-17T07:15:56.818,2025-09-17T07:39:00
6ce5b869-4c45-4f8b-9736-cbc93a6a862a,Clothilde,124,0,1,FALSE,2025-09-05T16:24:52.232,2025-09-05T20:22:00
42ef303c-8a38-46e5-a560-6a3960fd4a30,Quartz | Modern Classic,122,0,0,FALSE,2025-09-26T12:54:09.719,2025-09-26T15:48:00
898c15b7-8b63-4544-9e5d-08efd338d707,MESH SHELF,120,0,0,FALSE,2025-09-02T17:03:00.771,2025-09-02T18:31:00
381ed05d-fcd3-48f4-b662-c7facd020533,EXTRUSION VASE - RED,119,0,0,FALSE,2025-09-23T19:54:21.614,2025-09-23T20:24:00
6860fa22-c5d7-47a8-af51-98a11df10688,CUBAN CHAIN (GOLD),118,0,1,FALSE,2025-09-30T17:28:47.546,2025-09-30T17:43:00
d09587c3-b92c-4e92-8378-3353b3895e01,Solid Cotton Blend Oversized Shirt â€“ Frost,118,0,0,FALSE,2025-09-06T22:33:54.343,2025-09-06T23:42:00
c874ba62-619f-476f-a537-225815ccfa4c,Roronoa Zoro One Piece Hand-Tufted Rug,117,0,1,FALSE,2025-10-01T11:20:00.356,2025-10-01T11:28:00
bf6b8c40-c52a-4998-b4b2-c6652095d9f9,Brewski shaker/infuser,117,0,0,FALSE,2025-09-17T07:15:56.818,2025-09-17T07:17:00
b38f18a3-7000-4826-91e4-19ad68d29237,TIDE | Ocean Grain,115,0,0,FALSE,2025-09-25T12:49:15.953,2025-09-25T18:09:00
6dbb8d4b-f022-4f89-8cda-3be754987d44,FeralWalk Oversized Cargo Joggers - Blood Red,114,0,0,FALSE,2025-09-21T08:19:56.18,2025-09-21T08:54:00
24a5842e-0cd1-41e5-b1c2-c3831e69c284,PERSONALISED PUZZLE NECKLACE SET OF 2 - 18K GOLD/WHITE GOLD PLATED,114,0,0,FALSE,2025-10-06T11:58:42.351,2025-10-06T12:18:00
9c8a80fb-a7de-4f69-aaa5-93cf1ece9396,The Pango V2.0 Camera Travel Backpack,114,0,0,FALSE,2025-09-10T18:51:28.843,2025-09-10T19:40:00
94c3facd-d50a-45c8-bc67-7b121fd6c329,AMERICAN EXPRESS CARDS,114,0,1,FALSE,2025-10-30T04:35:57.822,2025-10-30T07:52:00
b914a577-cec7-48b4-854f-a30d627237f5,Pure Driving Bliss Combo,113,0,0,FALSE,2025-10-30T04:35:57.822,2025-10-30T04:57:00
292e7983-716c-49b3-aca1-1e5d0cda5032,Blocks desk & table organiser,112,0,0,FALSE,2025-09-17T20:36:09.444,2025-09-17T20:47:00
5b60cf11-47a5-4652-8da3-6d40034f6de6,Balengiaga x Crocs hardcrocs,111,0,1,FALSE,2025-10-31T21:08:41.162,2025-10-31T21:24:00
3983b860-237e-41c4-b100-296080a1df6f,Travis X Fragment Rug,111,0,0,FALSE,2025-09-02T21:13:22.281,2025-09-02T21:47:00
26187ad1-136c-4fee-a3a3-40dcf358c3d7,FACET Mobile and Tablet Stand - Graphite,110,0,0,FALSE,2025-08-07T10:31:26.89,2025-08-08T17:37:00
16f4e946-e721-494a-b723-e54fc9f804cd,SHADOW | Bold Precision,110,0,0,FALSE,2025-09-30T13:10:34.548,2025-09-30T13:11:00
b0630105-91e3-4965-b6d5-b4ef9740bb9e,The Minimalist Compression - Purple,109,0,1,FALSE,2025-09-21T08:19:56.18,2025-09-21T09:00:00
79017b07-2330-4629-8b27-3bd9eb54a695,STARRY NIGHT BRACELET - 18K GOLD-PLATED,105,0,1,FALSE,2025-10-06T10:49:26.995,2025-10-06T11:02:00
1ce9429a-b3a1-4b71-8cf6-6de58255f8dd,CORDUROY SHACKET,105,0,0,FALSE,2025-09-24T07:22:58.89,2025-09-24T08:41:00
244dad6a-205d-445f-a1a2-ebff0c601c22,Dark Choco Pretzels (30G PACK),104,0,1,FALSE,2025-09-05T16:24:52.232,2025-09-05T20:37:00
53a63431-86c3-47a7-9d90-c631e1960d0e,Embroidery Logo Navy Blue Baseball Cap,104,0,1,FALSE,2025-08-27T20:12:09.662,2025-08-27T20:45:00
8f3b2032-28ad-46ba-a2de-54db918c02e9,FLARE | Bold Spark,103,0,0,FALSE,2025-09-26T12:54:09.719,2025-09-26T16:10:00
7c1ac441-61fa-4076-bc1b-331b95971f78,Nazar Cuff (Gold),103,0,0,FALSE,2025-09-06T22:33:54.343,2025-09-06T23:06:00
193af4d1-0ba0-44f3-8f36-f83891b86705,Loop Dual-Side Mouse Pad in Vegan Leather,103,0,0,FALSE,2025-08-27T21:05:23.937,2025-08-30T12:04:00
8d5de6be-335e-42a7-98b2-50a33e846dc1,FROSTED PRESSING HOOP/CUFF (GOLD NON-PIERCED),101,0,0,FALSE,2025-10-07T14:29:57.243,2025-10-07T14:39:00
a5c70a65-aef5-49af-b70b-3da34bd1b75c,Pillar portable glass bottle,100,0,3,FALSE,2025-09-17T07:15:56.818,2025-09-17T07:51:00
339bc74c-0396-42f1-8969-2472c7fce88a,SUZETTE Travel Pouch (Cacao),100,0,0,FALSE,2025-10-01T21:32:51.871,2025-10-01T22:26:00
dc7bec2e-53db-4380-878e-e5f0a31f6eaf,Nox Table lamp,99,0,1,FALSE,2025-09-05T16:24:52.232,2025-09-05T18:20:00
b777a8e2-6a49-46fd-8338-5237c32ce06f,OCEANIC | Raw Precision,98,0,0,FALSE,2025-09-30T13:10:34.548,2025-09-30T13:33:00
70c19da2-aa12-4978-a6b7-d84975c30dbb,MICRO ROUND BRACELET  (SILVER),96,0,0,FALSE,2025-10-01T05:09:24.654,2025-10-01T06:06:00
88bc4c6d-9380-492a-b8f8-59f09f7c75dd,SUZETTE Travel Pouch (Forest),96,0,0,FALSE,2025-10-01T21:32:51.871,2025-10-01T22:33:00
b8200ba7-c3a7-4ae7-a025-dd6740d1dd01,VECTOR | Mechanical Spirit,95,0,1,FALSE,2025-09-30T13:10:34.548,2025-09-30T13:28:00
96bc9376-8d3e-441d-ac99-8de878412202,Strobe Dual Handle Bag - Denim,94,0,0,FALSE,2025-08-15T10:03:53.84,2025-08-17T07:24:00
c7a289d6-da69-46c6-9fab-ac8018da36fd,Gibbosa Fungus Shelf,94,0,1,FALSE,2025-10-02T10:07:01.544,2025-10-02T10:17:00
acafaebd-3da4-47fb-bdd1-62843c68f111,SHAW Tote Bag (Cacao),93,0,0,FALSE,2025-10-01T21:32:51.871,2025-10-01T22:16:00
a7cc2122-ea5c-40a5-a1fb-c44ddd587162,UpUrFit x Jonty Rhodes Cricket Recovery Kit,90,0,1,FALSE,2025-10-07T10:22:52.466,2025-10-07T10:28:00
85dd34ae-bfb5-41bc-b02d-bfd1c1d8841b,MICRO LINK BRACELET (SILVER),90,0,0,FALSE,2025-11-09T13:11:11.02,2025-11-09T13:46:00
6a9ad061-4bd3-4f8a-b63d-0d04428ed375,THIN CUBAN CHAIN (SILVER),85,0,0,FALSE,2025-10-01T05:09:24.654,2025-10-01T05:30:00
4da74326-dc2f-4d17-baa4-2432309076f5,DUAL | Modern Classic,84,0,0,FALSE,2025-09-26T12:54:09.719,2025-09-26T15:23:00
2eda16b6-db36-464e-a55b-8349cef4c580,Hot & Melt Candle Set,83,0,1,FALSE,2025-10-06T16:31:02.009,2025-10-06T16:31:00
c9e8721d-a43a-4512-8326-c3e676cdcb12,GLACIER | Marble Clarity,81,0,0,FALSE,2025-09-26T12:54:09.719,2025-09-26T15:30:00
4c43ff55-6a9c-44d4-8c3f-6cc72d11608a,MICRO ROUND BRACELET  (GOLD),80,0,0,FALSE,2025-10-01T05:09:24.654,2025-10-01T05:45:00
57ae59d5-6d93-4d4a-b2d6-8f4b24d24b93,ONYX STONE PENDANT WITH CHAIN (SILVER),78,0,0,FALSE,2025-10-01T05:09:24.654,2025-10-01T07:22:00
1e3a2c41-5762-435d-bcdb-58457e741953,Eliso LED Katana | Tanjiro Kamado â€“ Demon Slayer,76,0,0,FALSE,2025-10-29T13:08:49.592,2025-10-29T13:17:00
147e5728-cfd7-4340-8668-6f2cf1514cd7,SHAW Tote Bag (Forest),75,0,0,FALSE,2025-10-01T21:32:51.871,2025-10-01T22:08:00
e0599803-ee1e-498b-883f-e6b019b37dde,SOLACE | Lunar Rhythm,74,0,0,FALSE,2025-09-29T12:02:20.78,2025-09-29T12:07:00
0a396a41-e76a-43ed-a4b9-b0ae5451b32a,NOVA | Timeless Clarity,73,0,0,FALSE,2025-09-30T13:10:34.548,2025-09-30T13:17:00
ac7ffb6c-1f0f-4f2a-9aac-9dae3454f6e2,ROPE BRACELET (GOLD),73,0,2,FALSE,2025-11-09T19:26:52.128,2025-11-09T20:48:00
1bc4ae3c-407a-41e0-a940-29369010377b,Botany,72,0,0,FALSE,2025-11-07T19:05:41.271,2025-11-07T20:05:00
e7181cfb-d734-4273-9525-2ca4782941b4,DRIFT | Casual Precision,71,0,0,FALSE,2025-09-29T12:02:20.78,2025-09-29T12:13:00
1f51d144-426e-43b0-bf71-6376a688a329,Astoria,70,0,0,FALSE,2025-11-07T20:27:20.281,2025-11-07T20:35:00
3df3b54f-9b37-4518-a43c-60e95c6a35a8,MICRO PULSE BRACELET (GOLD),70,0,0,FALSE,2025-11-09T13:11:11.02,2025-11-09T13:37:00
3c93df1f-3523-4ee5-a3ef-f4a630bddd12,SHAW Tote Bag,69,0,0,FALSE,2025-10-01T21:32:51.871,2025-10-01T22:00:00
f5f82135-4928-4a7c-a54b-9cc866fa13df,SQUAT PRO S1 â€“ Flat Sole Powerlifting Squat Shoes for Deep Stability (Dusk Pink),67,0,0,FALSE,2025-11-10T19:33:39.23,2025-11-10T20:22:00
e9b68604-079b-424d-b07f-1bfded6e137c,Recovery Duo - Cryo Gel + Epsom Salts Body Wash,66,0,2,FALSE,2025-10-07T10:05:33.445,2025-10-07T10:14:00
682ad3e9-fd7e-410d-ac64-3e8a905e8403,Deep Sleep Mask by PureFlow,66,0,0,FALSE,2025-10-06T16:03:17.013,2025-10-06T16:10:00
b949b26a-6f32-4113-ba9b-32544ead47b2,M4 Shell Ejecting Dart Gun,66,0,0,FALSE,2025-10-30T04:35:57.822,2025-10-30T08:07:00
00a6ed5d-98e7-472e-a8c4-21583c10aaf5,Nora Vegan Leather Embroidered Sling Bag - Black,65,0,1,FALSE,2025-11-04T20:17:15.435,2025-11-04T21:55:00
b7e2a305-0b04-443d-b2ef-0514fe851be1,Lion's Mane Shroom Coffee,65,0,0,FALSE,2025-10-31T22:14:02.625,2025-10-31T22:24:00
832d9616-1487-4929-89c8-253dd4b9b5ee,Soulshoe is White,64,0,0,FALSE,2025-11-12T20:23:10.312,2025-11-12T20:54:00
9b1e3b5b-c9e6-4a71-9ddf-c9dc85d7df84,JellyGlow Lamp,63,0,0,FALSE,2025-10-29T12:01:12.06,2025-10-29T12:05:00
5f9b5755-4eb4-4ef8-91dd-157209db81e3,CTRL+P LOGO HOODIE,62,0,0,FALSE,2025-11-16T19:15:54.619,2025-11-16T19:55:00
fab2c676-57c7-49fb-a6e2-38ecd86b1589,PEARL HALF & HALF BRACELET (SILVER),62,0,0,FALSE,2025-11-09T15:58:18.758,2025-11-09T16:25:00
500af3fd-5ae8-4e09-adbd-e12f34e9c5f8,STORM | Grey Force,61,0,0,FALSE,2025-09-29T12:02:20.78,2025-09-29T12:03:00
a4d304c9-4d58-4cf6-a56d-5a770841c627,Red Wine - Barrel Aged Coffee,60,0,0,FALSE,2025-10-31T22:14:02.625,2025-10-31T23:45:00
85ecc861-9152-4606-94e2-2af06b741f26,CUBAN CHAIN (SILVER),59,0,0,FALSE,2025-09-30T17:28:47.546,2025-09-30T18:05:00
754324ed-9b08-4089-9cbe-1a4beaa04dfd,"Whey91 Cookies & Cream Protein Bar, 20g Protein & 5g Fibre (Pack of 6 bars)",59,0,0,FALSE,2025-10-29T08:17:13.313,2025-10-29T08:19:00
750286eb-308f-48e3-b2b2-f7a7026e50e2,Crystal Slider Watch,58,0,0,FALSE,2025-11-08T11:14:45.646,2025-11-08T12:55:00
a837014c-3fe3-47b5-93ec-8f71d0e6ea4c,CUSTOM NATIONAL HIGHWAY SIGN - AESTHETIC ROAD SIGNS,58,0,0,FALSE,2025-11-13T19:06:09.003,2025-11-13T19:34:00
575b7795-d1a1-4416-a8dc-459f6bd1219a,TOTE-ALLY BAG,58,0,0,FALSE,2025-09-23T19:54:21.614,2025-09-23T20:37:00
52ad03c0-4c24-4747-b2ac-c166d4bc8f70,ROCKSTA Y2K JERSEY,58,0,0,FALSE,2025-10-30T04:35:57.822,2025-10-30T06:58:00
a068c8e5-d09c-4e23-a05e-49db3073e64b,Daily Fiber | Vanilla Berry Flavour,54,0,0,FALSE,2025-11-07T21:49:07.692,2025-11-07T22:02:00
5b7a1f23-ae30-48bd-90c2-426761e22aed,Aurora Vegan Leather Sling,53,0,0,FALSE,2025-11-04T20:17:15.435,2025-11-04T21:34:00
0eae5e9e-d804-4bf9-aee4-e3d70d83bc93,Ajax Vegan Leather Duffle Bag - Beige,52,0,0,FALSE,2025-11-04T20:17:15.435,2025-11-08T10:49:00
c198b188-a9b0-452e-9887-7a643ba49915,RICH MAN CROP TEE,52,0,3,FALSE,2025-08-31T16:56:53.296,2025-08-31T18:25:00
b140955e-c3a2-479c-999d-caf54f986eb3,Chocolate 25g Plant Protein - Pack of 1kg - Sport,52,0,0,FALSE,2025-11-12T14:25:45.185,2025-11-12T14:36:00
749db0dd-3127-445b-a97d-debf669ab826,Wave Bookshelf,51,0,0,FALSE,2025-11-01T00:05:01.266,2025-11-01T01:12:00
a3d14b44-982f-4569-a618-6d6c9266214c,MICRO BOX CHAIN (SILVER),51,0,0,FALSE,2025-11-09T15:07:06.768,2025-11-09T15:15:00
ff2a4fb0-febb-4ac6-acf7-4d5289e92f3b,f*#k the system! - white,50,0,0,FALSE,2025-11-01T00:05:01.266,2025-11-01T00:28:00
2ab55c7d-e4c6-42ae-8e47-19c4a9ec7acf,QAVA Energy Shot (Pack of 4),49,0,0,FALSE,2025-10-29T12:50:43.474,2025-10-29T12:53:00
ddcc575b-1c00-40eb-a5d6-57a6c5dae99b,NeuroGum Energy Caffeine Gums - Cinnamon (30 Pieces: 15 X 2 gum sachets),49,0,0,FALSE,2025-11-07T21:49:07.692,2025-11-07T22:38:00
c47399bf-5d4a-45f4-b24d-f265b714b661,Retro GameBox 500 Games in 1,49,0,0,FALSE,2025-10-30T03:54:50.031,2025-10-30T04:29:00
72f4f144-182b-466d-a37d-7e0e8deecad0,Easy Poncho Crochet Pattern,48,0,0,FALSE,2025-11-10T19:33:39.23,2025-11-10T20:09:00
f633dade-e3f5-4137-b36a-ac0af594ce04,Aurora Prism,47,0,0,FALSE,2025-10-31T01:18:07.671,2025-10-31T02:03:00
88303434-81c6-4b2a-bfb5-53fe9d05fc5f,NightShot- Spotify LED Lamp,47,0,0,FALSE,2025-11-01T01:40:07.115,2025-11-01T01:53:00
1313bbbb-a421-4652-b7a0-79c75886978d,Car Comfort Bundle | 8 Items,47,0,0,FALSE,2025-10-30T04:35:57.822,2025-10-30T04:43:00
1f7ba75a-46c3-4707-a29d-4d155d27a4ba,Acacia Vegan Leather Laptop Sleeve - Black,46,0,0,FALSE,2025-11-04T20:17:15.435,2025-11-04T20:21:00
3e7ecea3-cc32-4056-9a2d-2da565049e06,The Grow Light Planter,45,0,0,FALSE,2025-10-31T20:14:02.054,2025-10-31T20:30:00
69e98908-3669-4e0b-934a-2b1030e3eea2,Pro Sling Crossbody Bag (2L),44,0,0,FALSE,2025-09-24T15:01:29.136,2025-09-24T15:27:00
60a2e3ec-266b-4fa6-b6da-b8869a760b7f,Coffee Brown Cup,44,0,0,FALSE,2025-10-31T19:50:18.646,2025-10-31T19:59:00
958e682d-ed8b-4911-9426-40730bd24d82,Firstdraft Note. Powered by AI.,43,0,0,FALSE,2025-11-01T01:24:40.52,2025-11-01T01:33:00
fcd1bac2-093a-419c-819b-b48a20e10741,Whey91 Strawberry Splash Protein Bars - 20g Protein 7.2g Fibre (Pack of 6 bars),43,0,0,FALSE,2025-11-02T20:03:23.58,2025-11-02T20:16:00
69aa9b9c-97de-42df-8cca-b07c530efd84,Serum + Sunscreen Duo,43,0,0,FALSE,2025-11-07T21:49:07.692,2025-11-07T21:50:00
63202375-d1a5-4bbe-8eab-df2beb381293,FROSTED PRESSING HOOP/CUFF (BLACK NON-PIERCED),42,0,1,FALSE,2025-10-07T14:45:27.465,2025-10-07T14:50:00
19540a8c-2916-4d31-aca8-d53b92ab0cd3,Bouche Print Oversized White T-shirt,41,0,1,FALSE,2025-10-31T20:39:06.679,2025-10-31T20:56:00
625108df-4807-4a26-a53c-dae903e680c4,Coffee Before Commitment Flask,41,0,0,FALSE,2025-10-31T01:18:07.671,2025-10-31T01:45:00
228ff97a-bfbe-4d06-a950-172d6a931760,Aero Long Sleeve with Thumb Hole â€“ Dusty Fig,40,0,0,FALSE,2025-11-10T19:33:39.23,2025-11-10T20:48:00
c657042c-5fe6-4442-96aa-d327bac8e26b,Restore your Sleep THINS,40,0,0,FALSE,2025-11-08T11:14:45.646,2025-11-08T12:06:00
ab7f32ed-3af1-47ba-a2eb-f6fb357dc839,Spider-Man Edge Wireless Speaker,39,0,0,FALSE,2025-10-29T15:03:19.535,2025-10-30T03:34:00
bf203052-de24-4658-b1fa-62721bb66d58,Car Mini Analog Clock,39,0,0,FALSE,2025-10-29T14:22:38.505,2025-10-29T14:51:00
30a9be7e-1190-4082-91cb-d67bc01d4248,Iris - Gingerbread & Black,38,0,0,FALSE,2025-11-06T12:10:43.531,2025-11-06T12:19:00
13afd989-172e-47e4-bc53-384b3268886c,Whey Protein - Chocolate with Pink Himalayan Salt,34,0,0,FALSE,2025-10-29T08:55:10.29,2025-10-29T08:56:00
c3b4089f-fce3-4e15-88ec-fa7903c1ee2c,Never Have I Ever Cards,34,0,0,FALSE,2025-11-01T00:05:01.266,2025-11-01T00:06:00
b1125f6e-ec67-4b8d-a994-5ae621296aad,Juniper Vegan Leather Sling Bag - Black,34,0,0,FALSE,2025-11-04T20:17:15.435,2025-11-04T21:00:00
831006ee-7e1d-4afa-b431-71938da25b02,ROUND BLACK STUD - (MAGNETIC NON-PIERCED),33,0,0,FALSE,2025-11-10T01:18:41.067,2025-11-10T02:07:00
ac40b578-6536-450d-9371-3370475cd4b2,VICTORY LAP POLO T-SHIRT,33,0,0,FALSE,2025-11-16T21:03:45.549,2025-11-16T21:04:00
18ffefc7-9233-4143-8b14-894a20cd3f3e,Sirius // Magma,32,0,0,FALSE,2025-11-08T11:14:45.646,2025-11-08T12:32:00
5dccfcc0-2def-435d-b68b-da4a19f45f61,Lewis Hamilton F1 Racing Team Edition T-shirt 2.0 | Black 100% Cotton,32,0,0,FALSE,2025-10-29T13:58:56.272,2025-10-29T14:06:00
fd18b0b1-79fc-4d4c-8f23-7ae52efd3ca5,Black Graffiti Sweatshirt,31,0,0,FALSE,2025-11-10T19:33:39.23,2025-11-10T19:39:00
2fb3c42f-eac0-4a83-a3cd-b266a78bd7c9,Acacia Vegan Leather Laptop Sleeve - Olive,30,0,0,FALSE,2025-11-04T20:17:15.435,2025-11-08T09:43:00
b12e5a2f-1d00-48f1-ab4b-c8fc48cea479,"Iris Vegan Leather Cardholder - Tawny Brown, Tan Matt",30,0,0,FALSE,2025-11-06T12:22:56.438,2025-11-06T12:31:00
efacdada-382f-488c-968c-229259fbd999,Fresh Reset Body Duo,30,0,0,FALSE,2025-11-02T21:23:17.878,2025-11-02T21:31:00
dc846156-5c3b-4812-b00c-d0c5a8928c9e,Paradise Sweater,29,0,0,FALSE,2025-10-30T04:35:57.822,2025-10-30T07:17:00
4ceef472-145e-4575-b941-21dcf05b66cb,Sotally Tober,29,0,0,FALSE,2025-11-11T18:45:16.989,2025-11-11T19:17:00
960c0d5c-8d50-4495-90ab-b66907c62ad7,Aurora Prism,29,0,0,FALSE,2025-10-31T01:18:07.671,2025-10-31T01:19:00
e328baa7-e7c4-48c3-8739-c941b6cdd094,Day-care routine - set of 2,29,0,0,FALSE,2025-10-31T22:14:02.625,2025-10-31T23:01:00
374d28c1-40c9-4677-8737-2dcb93fc8bbe,BRASIL ðŸ‡§ðŸ‡· TANK TOP,28,0,0,FALSE,2025-10-31T01:18:07.671,2025-10-31T01:30:00
87de4381-b4d5-407c-b1e8-82f6dd0845e0,Snugs 1 Dior,28,0,0,FALSE,2025-11-10T19:00:24.852,2025-11-10T19:24:00
817b0dbf-4f7c-4e3b-bbd1-a0bec33a98f1,ANCHOR PENDANT WITH CHAIN (SILVER),28,0,0,FALSE,2025-11-09T11:30:29.828,2025-11-09T11:41:00
5ea4b41d-92a6-403d-afab-ad701c20581e,Fresh Reset Body Cleanser,27,0,0,FALSE,2025-11-10T23:28:59.879,2025-11-11T00:17:00
e9e33059-acfa-4520-8d64-4afdc46a8f49,MICRO FLAT TWISTED BRACELET (SILVER),27,0,0,FALSE,2025-11-09T14:20:31.724,2025-11-09T14:38:00
5b42f3c6-5636-4668-b227-71a3e940de14,Cats Playing Cards A5 Notebook,27,0,0,FALSE,2025-11-11T18:45:16.989,2025-11-11T19:45:00
5c2bd1d5-5b61-402b-a29b-1af7bf635fe8,TRIDENT PENDANT WITH CHAIN (GOLD),26,0,0,FALSE,2025-11-09T15:58:18.758,2025-11-09T16:05:00
ad5cf66f-a5de-4a3b-9d36-fb7fc9643eb0,CUBAN BRACELET 8MM (SILVER),26,0,0,FALSE,2025-11-09T13:11:11.02,2025-11-09T14:18:00
ad592089-83de-481d-80a5-0bd2915e4b86,PRESSING HOOP - (GOLD UNPIERCED),26,0,0,FALSE,2025-11-09T22:04:29.403,2025-11-09T22:07:00
ae920097-18f4-4333-96ed-cfd58e8f281d,DOG TAG CHAIN (GOLD),26,0,0,FALSE,2025-11-09T15:58:18.758,2025-11-09T16:15:00
df984f90-c426-475e-a87c-369084f8101c,Moonchild Pixel Art Oversized Off-White T-shirt,26,0,0,FALSE,2025-10-30T04:35:57.822,2025-10-30T08:22:00
2d8b8a43-0125-4ac2-a8ad-2ecf27cf4f7d,FROSTED HOOP - (SILVER PIERCED),26,0,1,FALSE,2025-11-09T22:04:29.403,2025-11-09T22:16:00
3a459729-ce85-49c9-b698-8d28763e0557,Juniper Vegan Leather Sling Bag - Green,25,0,0,FALSE,2025-11-04T20:17:15.435,2025-11-04T21:09:00
afd7c89a-4e86-482a-afe4-4524d3b98155,Gengar Controller Stand for PS5,25,0,0,FALSE,2025-11-12T20:07:28.842,2025-11-12T20:14:00
d827b1ef-9162-4c72-8b36-df0d6b48c1f1,Ajax Vegan Leather Duffle Bag - Black & Green,25,0,0,FALSE,2025-11-04T20:17:15.435,2025-11-08T10:42:00
d969f9ac-87da-4e24-a537-e79c5f2fbb95,VINYL RECORDS - TYLER THE CREATOR,24,0,0,FALSE,2025-11-16T11:27:55.36,2025-11-16T12:48:00
44e963d5-4790-4ee6-9f94-aad98cf0f8ae,Hollow Knight Controller Stand for Xbox & Playstation,24,0,0,FALSE,2025-11-12T20:23:10.312,2025-11-12T20:33:00
c03c61bb-0eb0-4540-9c7b-79e445d5c559,FIGARO BRACELET (SILVER),24,0,0,FALSE,2025-11-09T22:04:29.403,2025-11-09T22:25:00
cd4e5834-3bea-4fae-9f4a-329272f92fb7,BYZANTINE CHAIN (SILVER),24,0,0,FALSE,2025-11-09T15:58:18.758,2025-11-09T16:12:00
75efaae9-6ca3-4e54-9f21-bebc9ee7e9f5,THIN CUBAN CHAIN (GOLD),24,0,0,FALSE,2025-09-30T18:12:58.849,2025-09-30T18:15:00
0f75c4d9-a967-4642-a8e8-63b46a2aa45e,Frida Retro Sketchbook,24,0,0,FALSE,2025-11-11T18:45:16.989,2025-11-11T19:35:00
435d7533-7a55-4dd4-a5e7-83655071491f,Wheat Bracelet (SILVER),23,0,0,FALSE,2025-11-10T01:18:41.067,2025-11-10T01:36:00
9762e9fc-bb86-4e50-b2af-870bdea5fb19,WHEAT BRACELET (GOLD),23,0,0,FALSE,2025-11-09T19:26:52.128,2025-11-09T20:39:00
75881b12-d248-4464-a59d-48ba7ed82cc1,REDBULL JACKET,23,0,0,FALSE,2025-11-07T20:27:20.281,2025-11-07T20:58:00
f283812a-eab9-42b9-b815-d1ca3be0ed1f,Cocktail Premix Combo Pack (Makes 4 Drinks),23,0,0,FALSE,2025-11-02T21:50:14.234,2025-11-02T21:59:00
e0c75f1b-186d-486d-bd63-876889b60854,Regular Assorted Sachets 15g Plant Protein - Pack of 12,22,0,0,FALSE,2025-11-10T19:33:39.23,2025-11-10T20:00:00
e0c75f1b-186d-486d-bd63-876889b60854,Regular Assorted Sachets 15g Plant Protein - Pack of 12,22,0,0,FALSE,2025-11-10T19:33:39.23,2025-11-10T20:00:00
91bc7157-6fb1-477c-a6d0-dd5e4ada4edf,MORE LIFE MIRROR,22,0,1,FALSE,2025-11-13T19:48:28.909,2025-11-13T20:07:00
1f7e37aa-1389-489d-ae08-538d0daecc15,Cat Love Unisex Oversized Both Side Printed Hoodie,22,0,0,FALSE,2025-11-11T18:45:16.989,2025-11-11T18:57:00
72fe3362-cf50-4aaa-96dd-5e79b2ce859a,Cherry Earrings,22,0,0,FALSE,2025-10-31T21:33:12.599,2025-10-31T21:48:00
80717018-8d9f-48b9-b250-6d19c583d6ff,FROSTED HOOP - (GOLD PIERCED),22,0,0,FALSE,2025-11-09T14:20:31.724,2025-11-09T14:32:00
acd2a3cc-f5d2-4c82-b4a2-2d787e464d91,PRESSING HOOP (BLACK UNPIERCED),21,0,1,FALSE,2025-11-09T19:26:52.128,2025-11-09T19:51:00
7ab87b1a-1807-4954-8ef6-9e52a2910d2d,The Bands By NÃ¤ck,21,0,0,FALSE,2025-11-02T21:12:04.973,2025-11-02T21:15:00
509aec6b-2a28-48e7-bf28-e8ab2ae4002b,SPARTAN PENDANT WITH CHAIN,21,0,0,FALSE,2025-11-09T22:26:16.437,2025-11-09T23:13:00
56403350-806e-4231-9f7f-ec8012e12a4c,MICRO FLAT TWISTED BRACELET (GOLD),21,0,0,FALSE,2025-11-09T14:20:31.724,2025-11-09T14:44:00
8f5022b0-0b64-4ad9-882f-f8fac94e9e4a,MICRO PULSE BRACELET (SILVER),20,0,0,FALSE,2025-11-09T13:11:11.02,2025-11-09T13:42:00
c01c343b-4b07-4fcb-9368-374a50366f22,ANCHOR PENDANT WITH CHAIN (GOLD),19,0,0,FALSE,2025-11-09T13:11:11.02,2025-11-09T13:15:00
25a1dac3-2626-4249-92fb-fd124d45671f,Neith - Green & Cork,19,0,0,FALSE,2025-11-06T12:35:29.506,2025-11-06T12:42:00
2b34beb7-a7a0-4a58-88cd-c4e4c375a6f3,BOX CHAIN (SILVER),19,0,0,FALSE,2025-11-10T01:18:41.067,2025-11-10T01:46:00
8e331968-7b62-4e9b-a910-7af562382eff,Sustainable Vegan Leather Passport Holder - Tan,19,0,0,FALSE,2025-11-06T12:35:29.506,2025-11-06T12:51:00
23baf98e-e970-4b26-9989-bcde02f1a80c,VINYL RECORDS - ROCK,19,0,1,FALSE,2025-11-14T18:57:36.597,2025-11-14T19:05:00
e40e565a-0472-4235-9fbb-73cab203db12,ROPE CHAIN (SILVER),18,0,0,FALSE,2025-11-10T01:18:41.067,2025-11-10T01:28:00
e01e396e-d817-4552-be74-08be3446f513,COMPASS PENDANT WITH CHAIN,18,0,0,FALSE,2025-11-09T22:26:16.437,2025-11-09T22:53:00
5f7fd375-ed1f-402b-ba1d-7690187cbbf3,Ditch-The-Frizz (3 Step Routine),18,0,0,FALSE,2025-11-02T21:38:34.033,2025-11-02T21:44:00
53c027a8-e434-4706-b246-8a604a60d0ac,WHEAT CHAIN (GOLD),18,0,0,FALSE,2025-11-09T19:26:52.128,2025-11-09T19:30:00
ddfec888-4c51-42d6-8fb0-c75d0e10ebc9,Lemon Life,17,0,0,FALSE,2025-11-11T18:45:16.989,2025-11-11T19:28:00
53491930-5ecc-4e79-a4dc-78195b7f9cfb,MUSIC CD DECOR SET - ALTERNATIVE,17,0,0,FALSE,2025-11-13T19:48:28.909,2025-11-13T20:18:00
fcd33d03-6944-4513-b851-73e656c3946a,PRESSING HOOP - (SILVER UNPIERCED),17,0,0,FALSE,2025-11-09T22:26:16.437,2025-11-09T23:08:00
7b21e9bd-7b46-4c23-bada-205ba050016d,VINYL RECORDS - CIGARETTES AFTER SEX,17,0,0,FALSE,2025-11-16T11:27:55.36,2025-11-16T13:41:00
b31c581b-b5ad-4aad-8f8c-2354d8fa6b0a,Angel Jacquard Sweater,17,0,0,FALSE,2025-11-16T21:03:45.549,2025-11-16T21:19:00
2e333fb6-8bdc-4539-8fa5-9123c97f1965,Matcha Cooler,16,0,0,FALSE,2025-11-07T21:49:07.692,2025-11-07T22:14:00
72f0e37f-9ab6-4d0c-829f-0b08e4c1dfd9,ROUND STUD - (MAGNETIC NON-PIERCED),16,0,0,FALSE,2025-11-09T22:26:16.437,2025-11-09T22:58:00
6ea2d733-e762-4631-92c0-4260f4652f25,FIGARO BRACELET (GOLD),16,0,0,FALSE,2025-11-09T19:26:52.128,2025-11-09T21:01:00
b649be4c-03c6-4b36-b6ec-1b151b8dab3b,TENNIS CHAIN (20 INCH),16,0,0,FALSE,2025-11-09T22:26:16.437,2025-11-09T23:29:00
fd5aec38-1e70-4176-8c4f-3bc437f492aa,Aero Leggings Alfa Beige,16,0,0,FALSE,2025-11-10T23:28:59.879,2025-11-11T00:09:00
53dbf614-16d5-428f-a3ce-b2ec88c77706,NO PIERCING EARRING COMBO,16,0,0,FALSE,2025-11-09T13:11:11.02,2025-11-09T13:59:00
dc45ded3-062c-42f9-84d7-0b9d0494647f,PEARL HALF & HALF BRACELET (GOLD),16,0,0,FALSE,2025-11-09T15:58:18.758,2025-11-09T16:29:00
4881abbb-5d70-467a-b74e-9c19c464a198,ROUND GOLD STUD - (MAGNETIC NON-PIERCED),16,0,0,FALSE,2025-11-10T01:18:41.067,2025-11-10T01:58:00
50c8eb5b-ff25-4067-8239-8d401f9f0832,VINYL RECORDS - INDIE ROCK,15,0,0,FALSE,2025-11-16T11:27:55.36,2025-11-16T13:15:00
f86d4752-6bad-4bcd-bbbc-7f983c1c3422,Soulshoe is Red,15,0,0,FALSE,2025-11-12T15:18:40.108,2025-11-12T15:19:00
51a59489-23f4-43b2-ba59-393b313ed6d1,BYZANTINE BRACELET (SILVER),15,0,0,FALSE,2025-11-09T15:58:18.758,2025-11-09T16:21:00
c2129a41-75f1-422a-b962-c94ebd39bad8,FLASH PENDANT WITH CHAIN (SILVER),15,0,0,FALSE,2025-11-09T22:26:16.437,2025-11-09T22:49:00
524632b7-60eb-4211-91cb-2c1551f47f44,VINYL RECORDS - LANA DEL REY,14,0,0,FALSE,2025-11-16T11:27:55.36,2025-11-16T12:57:00
5ed7f879-6836-4968-8f91-918971297372,WHEAT CHAIN (SILVER),14,0,0,FALSE,2025-11-10T01:18:41.067,2025-11-10T01:32:00
caf7c141-8e41-4776-88c6-859903e1896f,Lana Vegan Leather Sling Bag,14,0,0,FALSE,2025-11-04T20:17:15.435,2025-11-04T21:17:00
4f11452a-3f92-4051-ae34-fac4e82a6e7b,VINYL RECORDS - THE SMITHS,14,0,0,FALSE,2025-11-16T11:27:55.36,2025-11-16T13:49:00
7ed69b0e-eb70-4ea0-b667-6b7bb8df6fe5,SQUARE STUD - (MAGNETIC NON-PIERCED),13,0,0,FALSE,2025-11-10T01:18:41.067,2025-11-10T02:03:00
9819a8ec-6273-4692-97a5-ad89a7e14295,VINYL RECORDS - THE WEEKND,12,0,0,FALSE,2025-11-14T18:57:36.597,2025-11-14T18:58:00
07956d30-7641-45d6-a30a-d1da3acc24fb,CIPHER PENDANT WITH CHAIN (GOLD),12,0,0,FALSE,2025-11-09T13:17:30.008,2025-11-09T13:25:00
083d07f5-55f8-4c6a-a0fd-72283fb0049a,VINYL RECORD - ROCKSTAR (THE FILM),12,0,0,FALSE,2025-11-16T11:27:55.36,2025-11-16T12:38:00
63abda0f-77f0-4d29-9342-ba50c34a83b7,VINYL RECORDS - LINKIN PARK,12,0,0,FALSE,2025-11-14T18:57:36.597,2025-11-14T19:42:00
3c30faa9-3aeb-42e8-9e23-dbab09106aa2,FIGARO CHAIN (SILVER),11,0,0,FALSE,2025-11-10T01:18:41.067,2025-11-10T01:54:00
aed70bf9-787d-4d66-b05c-3592239c1403,TENNIS CHAIN (22 INCH),11,0,0,FALSE,2025-11-10T01:18:41.067,2025-11-10T01:23:00
833ad402-4039-48de-bcf6-ead4817c450d,FROSTED HOOP - (BLACK PIERCED),11,0,0,FALSE,2025-11-09T22:26:16.437,2025-11-09T23:19:00
b998ee24-8873-439a-8ea4-f83748f49640,VINYL RECORDS - KENDRICK LAMAR,11,0,0,FALSE,2025-11-14T18:57:36.597,2025-11-14T19:47:00
a9e776d6-1e99-4c14-9713-6adf0184df8d,MICRO LINK BRACELET (GOLD),10,0,0,FALSE,2025-11-09T13:11:11.02,2025-11-09T13:51:00
c2511c0c-a7a4-4319-856c-75cb1cfcfb3e,ROPE BRACELET (SILVER),10,0,0,FALSE,2025-11-09T22:26:16.437,2025-11-09T22:41:00
a9e776d6-1e99-4c14-9713-6adf0184df8d,MICRO LINK BRACELET (GOLD),10,0,0,FALSE,2025-11-09T13:11:11.02,2025-11-09T13:51:00
66897147-ab84-4544-a4c3-b1d2f3200bd0,FLAT SNAKE Bracelet (GOLD),9,0,0,FALSE,2025-11-09T19:26:52.128,2025-11-09T20:57:00
09a0f16c-cd75-4e8b-afb4-7adb87cd7df2,FLAT SNAKE Bracelet (SILVER),9,0,0,FALSE,2025-11-09T22:26:16.437,2025-11-09T22:46:00
b90e485e-9ae2-45a2-9669-f3215802ba75,VINYL RECORDS - FRANK OCEAN,9,0,0,FALSE,2025-11-14T18:57:36.597,2025-11-14T19:23:00
640db733-11fd-43b2-a314-2be8cf9641d0,VINYL RECORDS - BILLIE EILISH,9,0,0,FALSE,2025-11-16T11:27:55.36,2025-11-16T13:46:00
6948a715-b2e5-4583-9d05-fcc9639df48a,CIPHER PENDANT WITH CHAIN (SILVER),8,0,0,FALSE,2025-11-09T13:11:11.02,2025-11-09T13:31:00
c32a4048-e2d7-44bb-bb70-bf0fcb52fce1,MICRO CUBAN BRACELET (SILVER),8,0,0,FALSE,2025-11-09T13:11:11.02,2025-11-09T14:10:00
9e0b8901-e40c-470f-8e16-1f6c2de24f5f,MUSIC CD DECOR SET - ROCK,8,0,0,FALSE,2025-11-13T19:48:28.909,2025-11-13T20:21:00
e3d97be6-b36e-4747-bd57-606213a98aa8,FLASH PENDANT WITH CHAIN (GOLD),7,0,0,FALSE,2025-11-09T19:26:52.128,2025-11-09T19:45:00
0fbc2d63-55b7-4fe8-ac15-f45ba87e76b1,VINYL RECORDS - THE STROKES,6,0,0,FALSE,2025-11-16T11:27:55.36,2025-11-16T13:29:00
b7771312-809c-458a-ad08-549f5a2e1b37,VINYL RECORDS - ALTERNATIVE ROCK,5,0,0,FALSE,2025-11-14T18:57:36.597,2025-11-14T19:13:00
ef250b66-0b48-4892-95d0-38c32cfda7f9,VINYL RECORDS - MAC MILLER,5,0,0,FALSE,2025-11-16T11:27:55.36,2025-11-16T13:34:00
99d569e4-2128-4ba9-8592-2d1176f6ff2c,VINYL RECORDS - TV GIRL,5,0,0,FALSE,2025-11-16T11:27:55.36,2025-11-16T13:02:00
73701713-89e0-4048-92cf-bfc30e076437,ROPE CHAIN (GOLD),4,0,0,FALSE,2025-11-09T19:26:52.128,2025-11-09T19:39:00
788e369f-8600-48f7-bf48-a7d76920b1f3,MUSIC CD DECOR SET - SOFTCORE,2,0,0,FALSE,2025-11-13T19:48:28.909,2025-11-13T20:27:00
